id,title,brand,category,price,images,description,rating,discountPercentage,tags
1,Essence Mascara Lash Princess,Essence,beauty,9.99,['https://cdn.dummyjson.com/product-images/beauty/essence-mascara-lash-princess/1.webp'],The Essence Mascara Lash Princess is a popular mascara known for its volumizing and lengthening effects. Achieve dramatic lashes with this long-lasting and cruelty-free formula.,2.56,10.48,"beauty,mascara"
2,Eyeshadow Palette with Mirror,Glamour Beauty,beauty,19.99,['https://cdn.dummyjson.com/product-images/beauty/eyeshadow-palette-with-mirror/1.webp'],"The Eyeshadow Palette with Mirror offers a versatile range of eyeshadow shades for creating stunning eye looks. With a built-in mirror, it's convenient for on-the-go makeup application.",2.86,18.19,"beauty,eyeshadow"
3,Powder Canister,Velvet Touch,beauty,14.99,['https://cdn.dummyjson.com/product-images/beauty/powder-canister/1.webp'],"The Powder Canister is a finely milled setting powder designed to set makeup and control shine. With a lightweight and translucent formula, it provides a smooth and matte finish.",4.64,9.84,"beauty,face powder"
4,Red Lipstick,Chic Cosmetics,beauty,12.99,['https://cdn.dummyjson.com/product-images/beauty/red-lipstick/1.webp'],"The Red Lipstick is a classic and bold choice for adding a pop of color to your lips. With a creamy and pigmented formula, it provides a vibrant and long-lasting finish.",4.36,12.16,"beauty,lipstick"
5,Red Nail Polish,Nail Couture,beauty,8.99,['https://cdn.dummyjson.com/product-images/beauty/red-nail-polish/1.webp'],"The Red Nail Polish offers a rich and glossy red hue for vibrant and polished nails. With a quick-drying formula, it provides a salon-quality finish at home.",4.32,11.44,"beauty,nail polish"
6,Calvin Klein CK One,Calvin Klein,fragrances,49.99,"['https://cdn.dummyjson.com/product-images/fragrances/calvin-klein-ck-one/1.webp', 'https://cdn.dummyjson.com/product-images/fragrances/calvin-klein-ck-one/2.webp', 'https://cdn.dummyjson.com/product-images/fragrances/calvin-klein-ck-one/3.webp']","CK One by Calvin Klein is a classic unisex fragrance, known for its fresh and clean scent. It's a versatile fragrance suitable for everyday wear.",4.37,1.89,"fragrances,perfumes"
7,Chanel Coco Noir Eau De,Chanel,fragrances,129.99,"['https://cdn.dummyjson.com/product-images/fragrances/chanel-coco-noir-eau-de/1.webp', 'https://cdn.dummyjson.com/product-images/fragrances/chanel-coco-noir-eau-de/2.webp', 'https://cdn.dummyjson.com/product-images/fragrances/chanel-coco-noir-eau-de/3.webp']","Coco Noir by Chanel is an elegant and mysterious fragrance, featuring notes of grapefruit, rose, and sandalwood. Perfect for evening occasions.",4.26,16.51,"fragrances,perfumes"
8,Dior J'adore,Dior,fragrances,89.99,"[""https://cdn.dummyjson.com/product-images/fragrances/dior-j'adore/1.webp"", ""https://cdn.dummyjson.com/product-images/fragrances/dior-j'adore/2.webp"", ""https://cdn.dummyjson.com/product-images/fragrances/dior-j'adore/3.webp""]","J'adore by Dior is a luxurious and floral fragrance, known for its blend of ylang-ylang, rose, and jasmine. It embodies femininity and sophistication.",3.8,14.72,"fragrances,perfumes"
9,Dolce Shine Eau de,Dolce & Gabbana,fragrances,69.99,"['https://cdn.dummyjson.com/product-images/fragrances/dolce-shine-eau-de/1.webp', 'https://cdn.dummyjson.com/product-images/fragrances/dolce-shine-eau-de/2.webp', 'https://cdn.dummyjson.com/product-images/fragrances/dolce-shine-eau-de/3.webp']","Dolce Shine by Dolce & Gabbana is a vibrant and fruity fragrance, featuring notes of mango, jasmine, and blonde woods. It's a joyful and youthful scent.",3.96,0.62,"fragrances,perfumes"
10,Gucci Bloom Eau de,Gucci,fragrances,79.99,"['https://cdn.dummyjson.com/product-images/fragrances/gucci-bloom-eau-de/1.webp', 'https://cdn.dummyjson.com/product-images/fragrances/gucci-bloom-eau-de/2.webp', 'https://cdn.dummyjson.com/product-images/fragrances/gucci-bloom-eau-de/3.webp']","Gucci Bloom by Gucci is a floral and captivating fragrance, with notes of tuberose, jasmine, and Rangoon creeper. It's a modern and romantic scent.",2.74,14.39,"fragrances,perfumes"
11,Annibale Colombo Bed,Annibale Colombo,furniture,1899.99,"['https://cdn.dummyjson.com/product-images/furniture/annibale-colombo-bed/1.webp', 'https://cdn.dummyjson.com/product-images/furniture/annibale-colombo-bed/2.webp', 'https://cdn.dummyjson.com/product-images/furniture/annibale-colombo-bed/3.webp']","The Annibale Colombo Bed is a luxurious and elegant bed frame, crafted with high-quality materials for a comfortable and stylish bedroom.",4.77,8.57,"furniture,beds"
12,Annibale Colombo Sofa,Annibale Colombo,furniture,2499.99,"['https://cdn.dummyjson.com/product-images/furniture/annibale-colombo-sofa/1.webp', 'https://cdn.dummyjson.com/product-images/furniture/annibale-colombo-sofa/2.webp', 'https://cdn.dummyjson.com/product-images/furniture/annibale-colombo-sofa/3.webp']","The Annibale Colombo Sofa is a sophisticated and comfortable seating option, featuring exquisite design and premium upholstery for your living room.",3.92,14.4,"furniture,sofas"
13,Bedside Table African Cherry,Furniture Co.,furniture,299.99,"['https://cdn.dummyjson.com/product-images/furniture/bedside-table-african-cherry/1.webp', 'https://cdn.dummyjson.com/product-images/furniture/bedside-table-african-cherry/2.webp', 'https://cdn.dummyjson.com/product-images/furniture/bedside-table-african-cherry/3.webp']","The Bedside Table in African Cherry is a stylish and functional addition to your bedroom, providing convenient storage space and a touch of elegance.",2.87,19.09,"furniture,bedside tables"
14,Knoll Saarinen Executive Conference Chair,Knoll,furniture,499.99,"['https://cdn.dummyjson.com/product-images/furniture/knoll-saarinen-executive-conference-chair/1.webp', 'https://cdn.dummyjson.com/product-images/furniture/knoll-saarinen-executive-conference-chair/2.webp', 'https://cdn.dummyjson.com/product-images/furniture/knoll-saarinen-executive-conference-chair/3.webp']","The Knoll Saarinen Executive Conference Chair is a modern and ergonomic chair, perfect for your office or conference room with its timeless design.",4.88,2.01,"furniture,office chairs"
15,Wooden Bathroom Sink With Mirror,Bath Trends,furniture,799.99,"['https://cdn.dummyjson.com/product-images/furniture/wooden-bathroom-sink-with-mirror/1.webp', 'https://cdn.dummyjson.com/product-images/furniture/wooden-bathroom-sink-with-mirror/2.webp', 'https://cdn.dummyjson.com/product-images/furniture/wooden-bathroom-sink-with-mirror/3.webp']","The Wooden Bathroom Sink with Mirror is a unique and stylish addition to your bathroom, featuring a wooden sink countertop and a matching mirror.",3.59,8.8,"furniture,bathroom"
16,Apple,,groceries,1.99,['https://cdn.dummyjson.com/product-images/groceries/apple/1.webp'],"Fresh and crisp apples, perfect for snacking or incorporating into various recipes.",4.19,12.62,fruits
17,Beef Steak,,groceries,12.99,['https://cdn.dummyjson.com/product-images/groceries/beef-steak/1.webp'],"High-quality beef steak, great for grilling or cooking to your preferred level of doneness.",4.47,9.61,meat
18,Cat Food,,groceries,8.99,['https://cdn.dummyjson.com/product-images/groceries/cat-food/1.webp'],Nutritious cat food formulated to meet the dietary needs of your feline friend.,3.13,9.58,"pet supplies,cat food"
19,Chicken Meat,,groceries,9.99,"['https://cdn.dummyjson.com/product-images/groceries/chicken-meat/1.webp', 'https://cdn.dummyjson.com/product-images/groceries/chicken-meat/2.webp']","Fresh and tender chicken meat, suitable for various culinary preparations.",3.19,13.7,meat
20,Cooking Oil,,groceries,4.99,['https://cdn.dummyjson.com/product-images/groceries/cooking-oil/1.webp'],"Versatile cooking oil suitable for frying, sautéing, and various culinary applications.",4.8,9.33,cooking essentials
21,Cucumber,,groceries,1.49,['https://cdn.dummyjson.com/product-images/groceries/cucumber/1.webp'],"Crisp and hydrating cucumbers, ideal for salads, snacks, or as a refreshing side.",4.07,0.16,vegetables
22,Dog Food,,groceries,10.99,['https://cdn.dummyjson.com/product-images/groceries/dog-food/1.webp'],Specially formulated dog food designed to provide essential nutrients for your canine companion.,4.55,10.27,"pet supplies,dog food"
23,Eggs,,groceries,2.99,['https://cdn.dummyjson.com/product-images/groceries/eggs/1.webp'],"Fresh eggs, a versatile ingredient for baking, cooking, or breakfast.",2.53,11.05,dairy
24,Fish Steak,,groceries,14.99,['https://cdn.dummyjson.com/product-images/groceries/fish-steak/1.webp'],"Quality fish steak, suitable for grilling, baking, or pan-searing.",3.78,4.23,seafood
25,Green Bell Pepper,,groceries,1.29,['https://cdn.dummyjson.com/product-images/groceries/green-bell-pepper/1.webp'],"Fresh and vibrant green bell pepper, perfect for adding color and flavor to your dishes.",3.25,0.16,vegetables
26,Green Chili Pepper,,groceries,0.99,['https://cdn.dummyjson.com/product-images/groceries/green-chili-pepper/1.webp'],"Spicy green chili pepper, ideal for adding heat to your favorite recipes.",3.66,1.0,vegetables
27,Honey Jar,,groceries,6.99,['https://cdn.dummyjson.com/product-images/groceries/honey-jar/1.webp'],"Pure and natural honey in a convenient jar, perfect for sweetening beverages or drizzling over food.",3.97,14.4,condiments
28,Ice Cream,,groceries,5.49,"['https://cdn.dummyjson.com/product-images/groceries/ice-cream/1.webp', 'https://cdn.dummyjson.com/product-images/groceries/ice-cream/2.webp', 'https://cdn.dummyjson.com/product-images/groceries/ice-cream/3.webp', 'https://cdn.dummyjson.com/product-images/groceries/ice-cream/4.webp']","Creamy and delicious ice cream, available in various flavors for a delightful treat.",3.39,8.69,desserts
29,Juice,,groceries,3.99,['https://cdn.dummyjson.com/product-images/groceries/juice/1.webp'],"Refreshing fruit juice, packed with vitamins and great for staying hydrated.",3.94,12.06,beverages
30,Kiwi,,groceries,2.49,['https://cdn.dummyjson.com/product-images/groceries/kiwi/1.webp'],"Nutrient-rich kiwi, perfect for snacking or adding a tropical twist to your dishes.",4.93,15.22,fruits
31,Lemon,,groceries,0.79,['https://cdn.dummyjson.com/product-images/groceries/lemon/1.webp'],"Zesty and tangy lemons, versatile for cooking, baking, or making refreshing beverages.",3.53,9.7,fruits
32,Milk,,groceries,3.49,['https://cdn.dummyjson.com/product-images/groceries/milk/1.webp'],"Fresh and nutritious milk, a staple for various recipes and daily consumption.",2.61,13.74,dairy
33,Mulberry,,groceries,4.99,['https://cdn.dummyjson.com/product-images/groceries/mulberry/1.webp'],"Sweet and juicy mulberries, perfect for snacking or adding to desserts and cereals.",4.95,12.87,fruits
34,Nescafe Coffee,,groceries,7.99,['https://cdn.dummyjson.com/product-images/groceries/nescafe-coffee/1.webp'],"Quality coffee from Nescafe, available in various blends for a rich and satisfying cup.",4.82,1.59,"beverages,coffee"
35,Potatoes,,groceries,2.29,['https://cdn.dummyjson.com/product-images/groceries/potatoes/1.webp'],"Versatile and starchy potatoes, great for roasting, mashing, or as a side dish.",4.81,5.38,vegetables
36,Protein Powder,,groceries,19.99,['https://cdn.dummyjson.com/product-images/groceries/protein-powder/1.webp'],"Nutrient-packed protein powder, ideal for supplementing your diet with essential proteins.",4.18,7.59,health supplements
37,Red Onions,,groceries,1.99,['https://cdn.dummyjson.com/product-images/groceries/red-onions/1.webp'],"Flavorful and aromatic red onions, perfect for adding depth to your savory dishes.",4.2,9.9,vegetables
38,Rice,,groceries,5.99,['https://cdn.dummyjson.com/product-images/groceries/rice/1.webp'],"High-quality rice, a staple for various cuisines and a versatile base for many dishes.",3.18,9.29,grains
39,Soft Drinks,,groceries,1.99,['https://cdn.dummyjson.com/product-images/groceries/soft-drinks/1.webp'],"Assorted soft drinks in various flavors, perfect for refreshing beverages.",4.75,17.48,beverages
40,Strawberry,,groceries,3.99,['https://cdn.dummyjson.com/product-images/groceries/strawberry/1.webp'],"Sweet and succulent strawberries, great for snacking, desserts, or blending into smoothies.",3.08,1.12,fruits
41,Tissue Paper Box,,groceries,2.49,"['https://cdn.dummyjson.com/product-images/groceries/tissue-paper-box/1.webp', 'https://cdn.dummyjson.com/product-images/groceries/tissue-paper-box/2.webp']","Convenient tissue paper box for everyday use, providing soft and absorbent tissues.",2.69,13.28,household essentials
42,Water,,groceries,0.99,['https://cdn.dummyjson.com/product-images/groceries/water/1.webp'],"Pure and refreshing bottled water, essential for staying hydrated throughout the day.",4.96,14.92,beverages
43,Decoration Swing,,home-decoration,59.99,"['https://cdn.dummyjson.com/product-images/home-decoration/decoration-swing/1.webp', 'https://cdn.dummyjson.com/product-images/home-decoration/decoration-swing/2.webp', 'https://cdn.dummyjson.com/product-images/home-decoration/decoration-swing/3.webp']","The Decoration Swing is a charming addition to your home decor. Crafted with intricate details, it adds a touch of elegance and whimsy to any room.",3.16,10.41,"home decor,swing"
44,Family Tree Photo Frame,,home-decoration,29.99,['https://cdn.dummyjson.com/product-images/home-decoration/family-tree-photo-frame/1.webp'],"The Family Tree Photo Frame is a sentimental and stylish way to display your cherished family memories. With multiple photo slots, it tells the story of your loved ones.",4.53,14.87,"home decor,photo frame"
45,House Showpiece Plant,,home-decoration,39.99,"['https://cdn.dummyjson.com/product-images/home-decoration/house-showpiece-plant/1.webp', 'https://cdn.dummyjson.com/product-images/home-decoration/house-showpiece-plant/2.webp', 'https://cdn.dummyjson.com/product-images/home-decoration/house-showpiece-plant/3.webp']",The House Showpiece Plant is an artificial plant that brings a touch of nature to your home without the need for maintenance. It adds greenery and style to any space.,4.67,7.46,"home decor,artificial plants"
46,Plant Pot,,home-decoration,14.99,"['https://cdn.dummyjson.com/product-images/home-decoration/plant-pot/1.webp', 'https://cdn.dummyjson.com/product-images/home-decoration/plant-pot/2.webp', 'https://cdn.dummyjson.com/product-images/home-decoration/plant-pot/3.webp', 'https://cdn.dummyjson.com/product-images/home-decoration/plant-pot/4.webp']","The Plant Pot is a stylish container for your favorite plants. With a sleek design, it complements your indoor or outdoor garden, adding a modern touch to your plant display.",3.01,6.84,"home decor,plant accessories"
47,Table Lamp,,home-decoration,49.99,['https://cdn.dummyjson.com/product-images/home-decoration/table-lamp/1.webp'],"The Table Lamp is a functional and decorative lighting solution for your living space. With a modern design, it provides both ambient and task lighting, enhancing the atmosphere.",3.55,7.09,"home decor,lighting"
48,Bamboo Spatula,,kitchen-accessories,7.99,['https://cdn.dummyjson.com/product-images/kitchen-accessories/bamboo-spatula/1.webp'],"The Bamboo Spatula is a versatile kitchen tool made from eco-friendly bamboo. Ideal for flipping, stirring, and serving various dishes.",3.27,2.84,"kitchen tools,utensils"
49,Black Aluminium Cup,,kitchen-accessories,5.99,"['https://cdn.dummyjson.com/product-images/kitchen-accessories/black-aluminium-cup/1.webp', 'https://cdn.dummyjson.com/product-images/kitchen-accessories/black-aluminium-cup/2.webp']",The Black Aluminium Cup is a stylish and durable cup suitable for both hot and cold beverages. Its sleek black design adds a modern touch to your drinkware collection.,4.46,15.65,"drinkware,cups"
50,Black Whisk,,kitchen-accessories,9.99,['https://cdn.dummyjson.com/product-images/kitchen-accessories/black-whisk/1.webp'],The Black Whisk is a kitchen essential for whisking and beating ingredients. Its ergonomic handle and sleek design make it a practical and stylish tool.,3.9,10.24,"kitchen tools,utensils"
51,Boxed Blender,,kitchen-accessories,39.99,"['https://cdn.dummyjson.com/product-images/kitchen-accessories/boxed-blender/1.webp', 'https://cdn.dummyjson.com/product-images/kitchen-accessories/boxed-blender/2.webp', 'https://cdn.dummyjson.com/product-images/kitchen-accessories/boxed-blender/3.webp', 'https://cdn.dummyjson.com/product-images/kitchen-accessories/boxed-blender/4.webp']","The Boxed Blender is a powerful and compact blender perfect for smoothies, shakes, and more. Its convenient design and multiple functions make it a versatile kitchen appliance.",4.56,7.26,"kitchen appliances,blenders"
52,Carbon Steel Wok,,kitchen-accessories,29.99,['https://cdn.dummyjson.com/product-images/kitchen-accessories/carbon-steel-wok/1.webp'],"The Carbon Steel Wok is a versatile cooking pan suitable for stir-frying, sautéing, and deep frying. Its sturdy construction ensures even heat distribution for delicious meals.",4.05,6.53,"cookware,woks"
53,Chopping Board,,kitchen-accessories,12.99,['https://cdn.dummyjson.com/product-images/kitchen-accessories/chopping-board/1.webp'],"The Chopping Board is an essential kitchen accessory for food preparation. Made from durable material, it provides a safe and hygienic surface for cutting and chopping.",3.7,8.03,"kitchen tools,cutting boards"
54,Citrus Squeezer Yellow,,kitchen-accessories,8.99,['https://cdn.dummyjson.com/product-images/kitchen-accessories/citrus-squeezer-yellow/1.webp'],The Citrus Squeezer in Yellow is a handy tool for extracting juice from citrus fruits. Its vibrant color adds a cheerful touch to your kitchen gadgets.,4.63,12.1,"kitchen tools,juicers"
55,Egg Slicer,,kitchen-accessories,6.99,['https://cdn.dummyjson.com/product-images/kitchen-accessories/egg-slicer/1.webp'],"The Egg Slicer is a convenient tool for slicing boiled eggs evenly. It's perfect for salads, sandwiches, and other dishes where sliced eggs are desired.",3.09,14.76,"kitchen tools,slicers"
56,Electric Stove,,kitchen-accessories,49.99,"['https://cdn.dummyjson.com/product-images/kitchen-accessories/electric-stove/1.webp', 'https://cdn.dummyjson.com/product-images/kitchen-accessories/electric-stove/2.webp', 'https://cdn.dummyjson.com/product-images/kitchen-accessories/electric-stove/3.webp', 'https://cdn.dummyjson.com/product-images/kitchen-accessories/electric-stove/4.webp']",The Electric Stove provides a portable and efficient cooking solution. Ideal for small kitchens or as an additional cooking surface for various culinary needs.,4.11,14.04,"kitchen appliances,cooktops"
57,Fine Mesh Strainer,,kitchen-accessories,9.99,['https://cdn.dummyjson.com/product-images/kitchen-accessories/fine-mesh-strainer/1.webp'],The Fine Mesh Strainer is a versatile tool for straining liquids and sifting dry ingredients. Its fine mesh ensures efficient filtering for smooth cooking and baking.,3.04,3.5,"kitchen tools,strainers"
58,Fork,,kitchen-accessories,3.99,['https://cdn.dummyjson.com/product-images/kitchen-accessories/fork/1.webp'],The Fork is a classic utensil for various dining and serving purposes. Its durable and ergonomic design makes it a reliable choice for everyday use.,3.11,8.07,"kitchen tools,utensils"
59,Glass,,kitchen-accessories,4.99,['https://cdn.dummyjson.com/product-images/kitchen-accessories/glass/1.webp'],The Glass is a versatile and elegant drinking vessel suitable for a variety of beverages. Its clear design allows you to enjoy the colors and textures of your drinks.,4.02,7.92,"drinkware,glasses"
60,Grater Black,,kitchen-accessories,10.99,['https://cdn.dummyjson.com/product-images/kitchen-accessories/grater-black/1.webp'],"The Grater in Black is a handy kitchen tool for grating cheese, vegetables, and more. Its sleek design and sharp blades make food preparation efficient and easy.",3.21,3.56,"kitchen tools,graters"
61,Hand Blender,,kitchen-accessories,34.99,['https://cdn.dummyjson.com/product-images/kitchen-accessories/hand-blender/1.webp'],"The Hand Blender is a versatile kitchen appliance for blending, pureeing, and mixing. Its compact design and powerful motor make it a convenient tool for various recipes.",3.86,17.02,"kitchen appliances,blenders"
62,Ice Cube Tray,,kitchen-accessories,5.99,['https://cdn.dummyjson.com/product-images/kitchen-accessories/ice-cube-tray/1.webp'],The Ice Cube Tray is a practical accessory for making ice cubes in various shapes. Perfect for keeping your drinks cool and adding a fun element to your beverages.,4.71,0.63,"kitchen tools,ice cube trays"
63,Kitchen Sieve,,kitchen-accessories,7.99,['https://cdn.dummyjson.com/product-images/kitchen-accessories/kitchen-sieve/1.webp'],The Kitchen Sieve is a versatile tool for sifting and straining dry and wet ingredients. Its fine mesh design ensures smooth results in your cooking and baking.,3.09,18.91,"kitchen tools,strainers"
64,Knife,,kitchen-accessories,14.99,['https://cdn.dummyjson.com/product-images/kitchen-accessories/knife/1.webp'],"The Knife is an essential kitchen tool for chopping, slicing, and dicing. Its sharp blade and ergonomic handle make it a reliable choice for food preparation.",3.26,18.86,"kitchen tools,cutlery"
65,Lunch Box,,kitchen-accessories,12.99,['https://cdn.dummyjson.com/product-images/kitchen-accessories/lunch-box/1.webp'],"The Lunch Box is a convenient and portable container for packing and carrying your meals. With compartments for different foods, it's perfect for on-the-go dining.",4.93,10.34,"kitchen tools,storage"
66,Microwave Oven,,kitchen-accessories,89.99,"['https://cdn.dummyjson.com/product-images/kitchen-accessories/microwave-oven/1.webp', 'https://cdn.dummyjson.com/product-images/kitchen-accessories/microwave-oven/2.webp', 'https://cdn.dummyjson.com/product-images/kitchen-accessories/microwave-oven/3.webp', 'https://cdn.dummyjson.com/product-images/kitchen-accessories/microwave-oven/4.webp']","The Microwave Oven is a versatile kitchen appliance for quick and efficient cooking, reheating, and defrosting. Its compact size makes it suitable for various kitchen setups.",4.82,12.13,"kitchen appliances,microwaves"
67,Mug Tree Stand,,kitchen-accessories,15.99,"['https://cdn.dummyjson.com/product-images/kitchen-accessories/mug-tree-stand/1.webp', 'https://cdn.dummyjson.com/product-images/kitchen-accessories/mug-tree-stand/2.webp']",The Mug Tree Stand is a stylish and space-saving solution for organizing your mugs. Keep your favorite mugs easily accessible and neatly displayed in your kitchen.,2.64,9.25,"kitchen tools,organization"
68,Pan,,kitchen-accessories,24.99,['https://cdn.dummyjson.com/product-images/kitchen-accessories/pan/1.webp'],"The Pan is a versatile and essential cookware item for frying, sautéing, and cooking various dishes. Its non-stick coating ensures easy food release and cleanup.",2.79,3.0,"cookware,pans"
69,Plate,,kitchen-accessories,3.99,['https://cdn.dummyjson.com/product-images/kitchen-accessories/plate/1.webp'],The Plate is a classic and essential dishware item for serving meals. Its durable and stylish design makes it suitable for everyday use or special occasions.,3.65,7.31,"dinnerware,plates"
70,Red Tongs,,kitchen-accessories,6.99,['https://cdn.dummyjson.com/product-images/kitchen-accessories/red-tongs/1.webp'],The Red Tongs are versatile kitchen tongs suitable for various cooking and serving tasks. Their vibrant color adds a pop of excitement to your kitchen utensils.,4.42,14.52,"kitchen tools,tongs"
71,Silver Pot With Glass Cap,,kitchen-accessories,39.99,['https://cdn.dummyjson.com/product-images/kitchen-accessories/silver-pot-with-glass-cap/1.webp'],"The Silver Pot with Glass Cap is a stylish and functional cookware item for boiling, simmering, and preparing delicious meals. Its glass cap allows you to monitor cooking progress.",3.22,5.7,"cookware,pots"
72,Slotted Turner,,kitchen-accessories,8.99,['https://cdn.dummyjson.com/product-images/kitchen-accessories/slotted-turner/1.webp'],"The Slotted Turner is a kitchen utensil designed for flipping and turning food items. Its slotted design allows excess liquid to drain, making it ideal for frying and sautéing.",3.4,13.35,"kitchen tools,turners"
73,Spice Rack,,kitchen-accessories,19.99,['https://cdn.dummyjson.com/product-images/kitchen-accessories/spice-rack/1.webp'],The Spice Rack is a convenient organizer for your spices and seasonings. Keep your kitchen essentials within reach and neatly arranged with this stylish spice rack.,4.87,12.09,"kitchen tools,organization"
74,Spoon,,kitchen-accessories,4.99,['https://cdn.dummyjson.com/product-images/kitchen-accessories/spoon/1.webp'],"The Spoon is a versatile kitchen utensil for stirring, serving, and tasting. Its ergonomic design and durable construction make it an essential tool for every kitchen.",4.03,1.53,"kitchen tools,utensils"
75,Tray,,kitchen-accessories,16.99,['https://cdn.dummyjson.com/product-images/kitchen-accessories/tray/1.webp'],"The Tray is a functional and decorative item for serving snacks, appetizers, or drinks. Its stylish design makes it a versatile accessory for entertaining guests.",4.62,7.48,"serveware,trays"
76,Wooden Rolling Pin,,kitchen-accessories,11.99,['https://cdn.dummyjson.com/product-images/kitchen-accessories/wooden-rolling-pin/1.webp'],The Wooden Rolling Pin is a classic kitchen tool for rolling out dough for baking. Its smooth surface and sturdy handles make it easy to achieve uniform thickness.,2.92,9.75,"kitchen tools,baking"
77,Yellow Peeler,,kitchen-accessories,5.99,['https://cdn.dummyjson.com/product-images/kitchen-accessories/yellow-peeler/1.webp'],The Yellow Peeler is a handy tool for peeling fruits and vegetables with ease. Its bright yellow color adds a cheerful touch to your kitchen gadgets.,4.24,12.48,"kitchen tools,peelers"
78,Apple MacBook Pro 14 Inch Space Grey,Apple,laptops,1999.99,"['https://cdn.dummyjson.com/product-images/laptops/apple-macbook-pro-14-inch-space-grey/1.webp', 'https://cdn.dummyjson.com/product-images/laptops/apple-macbook-pro-14-inch-space-grey/2.webp', 'https://cdn.dummyjson.com/product-images/laptops/apple-macbook-pro-14-inch-space-grey/3.webp']","The MacBook Pro 14 Inch in Space Grey is a powerful and sleek laptop, featuring Apple's M1 Pro chip for exceptional performance and a stunning Retina display.",3.65,4.69,"laptops,apple"
79,Asus Zenbook Pro Dual Screen Laptop,Asus,laptops,1799.99,"['https://cdn.dummyjson.com/product-images/laptops/asus-zenbook-pro-dual-screen-laptop/1.webp', 'https://cdn.dummyjson.com/product-images/laptops/asus-zenbook-pro-dual-screen-laptop/2.webp', 'https://cdn.dummyjson.com/product-images/laptops/asus-zenbook-pro-dual-screen-laptop/3.webp']","The Asus Zenbook Pro Dual Screen Laptop is a high-performance device with dual screens, providing productivity and versatility for creative professionals.",3.95,11.14,laptops
80,Huawei Matebook X Pro,Huawei,laptops,1399.99,"['https://cdn.dummyjson.com/product-images/laptops/huawei-matebook-x-pro/1.webp', 'https://cdn.dummyjson.com/product-images/laptops/huawei-matebook-x-pro/2.webp', 'https://cdn.dummyjson.com/product-images/laptops/huawei-matebook-x-pro/3.webp']","The Huawei Matebook X Pro is a slim and stylish laptop with a high-resolution touchscreen display, offering a premium experience for users on the go.",4.98,9.38,laptops
81,Lenovo Yoga 920,Lenovo,laptops,1099.99,"['https://cdn.dummyjson.com/product-images/laptops/lenovo-yoga-920/1.webp', 'https://cdn.dummyjson.com/product-images/laptops/lenovo-yoga-920/2.webp', 'https://cdn.dummyjson.com/product-images/laptops/lenovo-yoga-920/3.webp']","The Lenovo Yoga 920 is a 2-in-1 convertible laptop with a flexible hinge, allowing you to use it as a laptop or tablet, offering versatility and portability.",2.86,6.55,laptops
82,New DELL XPS 13 9300 Laptop,Dell,laptops,1499.99,"['https://cdn.dummyjson.com/product-images/laptops/new-dell-xps-13-9300-laptop/1.webp', 'https://cdn.dummyjson.com/product-images/laptops/new-dell-xps-13-9300-laptop/2.webp', 'https://cdn.dummyjson.com/product-images/laptops/new-dell-xps-13-9300-laptop/3.webp']","The New DELL XPS 13 9300 Laptop is a compact and powerful device, featuring a virtually borderless InfinityEdge display and high-end performance for various tasks.",2.67,11.89,laptops
83,Blue & Black Check Shirt,Fashion Trends,mens-shirts,29.99,"['https://cdn.dummyjson.com/product-images/mens-shirts/blue-&-black-check-shirt/1.webp', 'https://cdn.dummyjson.com/product-images/mens-shirts/blue-&-black-check-shirt/2.webp', 'https://cdn.dummyjson.com/product-images/mens-shirts/blue-&-black-check-shirt/3.webp', 'https://cdn.dummyjson.com/product-images/mens-shirts/blue-&-black-check-shirt/4.webp']","The Blue & Black Check Shirt is a stylish and comfortable men's shirt featuring a classic check pattern. Made from high-quality fabric, it's suitable for both casual and semi-formal occasions.",3.64,15.35,"clothing,men's shirts"
84,Gigabyte Aorus Men Tshirt,Gigabyte,mens-shirts,24.99,"['https://cdn.dummyjson.com/product-images/mens-shirts/gigabyte-aorus-men-tshirt/1.webp', 'https://cdn.dummyjson.com/product-images/mens-shirts/gigabyte-aorus-men-tshirt/2.webp', 'https://cdn.dummyjson.com/product-images/mens-shirts/gigabyte-aorus-men-tshirt/3.webp', 'https://cdn.dummyjson.com/product-images/mens-shirts/gigabyte-aorus-men-tshirt/4.webp']","The Gigabyte Aorus Men Tshirt is a cool and casual shirt for gaming enthusiasts. With the Aorus logo and sleek design, it's perfect for expressing your gaming style.",3.18,0.94,"clothing,men's t-shirts"
85,Man Plaid Shirt,Classic Wear,mens-shirts,34.99,"['https://cdn.dummyjson.com/product-images/mens-shirts/man-plaid-shirt/1.webp', 'https://cdn.dummyjson.com/product-images/mens-shirts/man-plaid-shirt/2.webp', 'https://cdn.dummyjson.com/product-images/mens-shirts/man-plaid-shirt/3.webp', 'https://cdn.dummyjson.com/product-images/mens-shirts/man-plaid-shirt/4.webp']",The Man Plaid Shirt is a timeless and versatile men's shirt with a classic plaid pattern. Its comfortable fit and casual style make it a wardrobe essential for various occasions.,3.46,19.5,"clothing,men's shirts"
86,Man Short Sleeve Shirt,Casual Comfort,mens-shirts,19.99,"['https://cdn.dummyjson.com/product-images/mens-shirts/man-short-sleeve-shirt/1.webp', 'https://cdn.dummyjson.com/product-images/mens-shirts/man-short-sleeve-shirt/2.webp', 'https://cdn.dummyjson.com/product-images/mens-shirts/man-short-sleeve-shirt/3.webp', 'https://cdn.dummyjson.com/product-images/mens-shirts/man-short-sleeve-shirt/4.webp']","The Man Short Sleeve Shirt is a breezy and stylish option for warm days. With a comfortable fit and short sleeves, it's perfect for a laid-back yet polished look.",2.9,6.83,"clothing,men's shirts"
87,Men Check Shirt,Urban Chic,mens-shirts,27.99,"['https://cdn.dummyjson.com/product-images/mens-shirts/men-check-shirt/1.webp', 'https://cdn.dummyjson.com/product-images/mens-shirts/men-check-shirt/2.webp', 'https://cdn.dummyjson.com/product-images/mens-shirts/men-check-shirt/3.webp', 'https://cdn.dummyjson.com/product-images/mens-shirts/men-check-shirt/4.webp']","The Men Check Shirt is a classic and versatile shirt featuring a stylish check pattern. Suitable for various occasions, it adds a smart and polished touch to your wardrobe.",2.72,11.38,"clothing,men's shirts"
88,Nike Air Jordan 1 Red And Black,Nike,mens-shoes,149.99,"['https://cdn.dummyjson.com/product-images/mens-shoes/nike-air-jordan-1-red-and-black/1.webp', 'https://cdn.dummyjson.com/product-images/mens-shoes/nike-air-jordan-1-red-and-black/2.webp', 'https://cdn.dummyjson.com/product-images/mens-shoes/nike-air-jordan-1-red-and-black/3.webp', 'https://cdn.dummyjson.com/product-images/mens-shoes/nike-air-jordan-1-red-and-black/4.webp']","The Nike Air Jordan 1 in Red and Black is an iconic basketball sneaker known for its stylish design and high-performance features, making it a favorite among sneaker enthusiasts and athletes.",4.77,4.12,"footwear,athletic shoes"
89,Nike Baseball Cleats,Nike,mens-shoes,79.99,"['https://cdn.dummyjson.com/product-images/mens-shoes/nike-baseball-cleats/1.webp', 'https://cdn.dummyjson.com/product-images/mens-shoes/nike-baseball-cleats/2.webp', 'https://cdn.dummyjson.com/product-images/mens-shoes/nike-baseball-cleats/3.webp', 'https://cdn.dummyjson.com/product-images/mens-shoes/nike-baseball-cleats/4.webp']",Nike Baseball Cleats are designed for maximum traction and performance on the baseball field. They provide stability and support for players during games and practices.,3.88,18.04,"footwear,sports cleats"
90,Puma Future Rider Trainers,Puma,mens-shoes,89.99,"['https://cdn.dummyjson.com/product-images/mens-shoes/puma-future-rider-trainers/1.webp', 'https://cdn.dummyjson.com/product-images/mens-shoes/puma-future-rider-trainers/2.webp', 'https://cdn.dummyjson.com/product-images/mens-shoes/puma-future-rider-trainers/3.webp', 'https://cdn.dummyjson.com/product-images/mens-shoes/puma-future-rider-trainers/4.webp']","The Puma Future Rider Trainers offer a blend of retro style and modern comfort. Perfect for casual wear, these trainers provide a fashionable and comfortable option for everyday use.",4.9,4.2,"footwear,casual shoes"
91,Sports Sneakers Off White & Red,Off White,mens-shoes,119.99,"['https://cdn.dummyjson.com/product-images/mens-shoes/sports-sneakers-off-white-&-red/1.webp', 'https://cdn.dummyjson.com/product-images/mens-shoes/sports-sneakers-off-white-&-red/2.webp', 'https://cdn.dummyjson.com/product-images/mens-shoes/sports-sneakers-off-white-&-red/3.webp', 'https://cdn.dummyjson.com/product-images/mens-shoes/sports-sneakers-off-white-&-red/4.webp']","The Sports Sneakers in Off White and Red combine style and functionality, making them a fashionable choice for sports enthusiasts. The red and off-white color combination adds a bold and energetic touch.",4.77,4.97,"footwear,athletic shoes"
92,Sports Sneakers Off White Red,Off White,mens-shoes,109.99,"['https://cdn.dummyjson.com/product-images/mens-shoes/sports-sneakers-off-white-red/1.webp', 'https://cdn.dummyjson.com/product-images/mens-shoes/sports-sneakers-off-white-red/2.webp', 'https://cdn.dummyjson.com/product-images/mens-shoes/sports-sneakers-off-white-red/3.webp', 'https://cdn.dummyjson.com/product-images/mens-shoes/sports-sneakers-off-white-red/4.webp']","Another variant of the Sports Sneakers in Off White Red, featuring a unique design. These sneakers offer style and comfort for casual occasions.",4.69,0.04,"footwear,casual shoes"
93,Brown Leather Belt Watch,Fashion Timepieces,mens-watches,89.99,"['https://cdn.dummyjson.com/product-images/mens-watches/brown-leather-belt-watch/1.webp', 'https://cdn.dummyjson.com/product-images/mens-watches/brown-leather-belt-watch/2.webp', 'https://cdn.dummyjson.com/product-images/mens-watches/brown-leather-belt-watch/3.webp']","The Brown Leather Belt Watch is a stylish timepiece with a classic design. Featuring a genuine leather strap and a sleek dial, it adds a touch of sophistication to your look.",4.19,5.99,"watches,leather watches"
94,Longines Master Collection,Longines,mens-watches,1499.99,"['https://cdn.dummyjson.com/product-images/mens-watches/longines-master-collection/1.webp', 'https://cdn.dummyjson.com/product-images/mens-watches/longines-master-collection/2.webp', 'https://cdn.dummyjson.com/product-images/mens-watches/longines-master-collection/3.webp']","The Longines Master Collection is an elegant and refined watch known for its precision and craftsmanship. With a timeless design, it's a symbol of luxury and sophistication.",3.87,17.24,"watches,luxury watches"
95,Rolex Cellini Date Black Dial,Rolex,mens-watches,8999.99,"['https://cdn.dummyjson.com/product-images/mens-watches/rolex-cellini-date-black-dial/1.webp', 'https://cdn.dummyjson.com/product-images/mens-watches/rolex-cellini-date-black-dial/2.webp', 'https://cdn.dummyjson.com/product-images/mens-watches/rolex-cellini-date-black-dial/3.webp']","The Rolex Cellini Date with Black Dial is a classic and prestigious watch. With a black dial and date complication, it exudes sophistication and is a symbol of Rolex's heritage.",4.97,8.88,"watches,luxury watches"
96,Rolex Cellini Moonphase,Rolex,mens-watches,12999.99,"['https://cdn.dummyjson.com/product-images/mens-watches/rolex-cellini-moonphase/1.webp', 'https://cdn.dummyjson.com/product-images/mens-watches/rolex-cellini-moonphase/2.webp', 'https://cdn.dummyjson.com/product-images/mens-watches/rolex-cellini-moonphase/3.webp']","The Rolex Cellini Moonphase is a masterpiece of horology, featuring a moon phase complication and exquisite design. It reflects Rolex's commitment to precision and elegance.",2.58,17.52,"watches,luxury watches"
97,Rolex Datejust,Rolex,mens-watches,10999.99,"['https://cdn.dummyjson.com/product-images/mens-watches/rolex-datejust/1.webp', 'https://cdn.dummyjson.com/product-images/mens-watches/rolex-datejust/2.webp', 'https://cdn.dummyjson.com/product-images/mens-watches/rolex-datejust/3.webp']","The Rolex Datejust is an iconic and versatile timepiece with a date window. Known for its timeless design and reliability, it's a symbol of Rolex's watchmaking excellence.",3.66,3.73,"watches,luxury watches"
98,Rolex Submariner Watch,Rolex,mens-watches,13999.99,"['https://cdn.dummyjson.com/product-images/mens-watches/rolex-submariner-watch/1.webp', 'https://cdn.dummyjson.com/product-images/mens-watches/rolex-submariner-watch/2.webp', 'https://cdn.dummyjson.com/product-images/mens-watches/rolex-submariner-watch/3.webp']","The Rolex Submariner is a legendary dive watch with a rich history. Known for its durability and water resistance, it's a symbol of adventure and exploration.",2.69,5.05,"watches,luxury watches"
99,Amazon Echo Plus,Amazon,mobile-accessories,99.99,"['https://cdn.dummyjson.com/product-images/mobile-accessories/amazon-echo-plus/1.webp', 'https://cdn.dummyjson.com/product-images/mobile-accessories/amazon-echo-plus/2.webp']",The Amazon Echo Plus is a smart speaker with built-in Alexa voice control. It features premium sound quality and serves as a hub for controlling smart home devices.,4.99,12.07,"electronics,smart speakers"
100,Apple Airpods,Apple,mobile-accessories,129.99,"['https://cdn.dummyjson.com/product-images/mobile-accessories/apple-airpods/1.webp', 'https://cdn.dummyjson.com/product-images/mobile-accessories/apple-airpods/2.webp', 'https://cdn.dummyjson.com/product-images/mobile-accessories/apple-airpods/3.webp']","The Apple Airpods offer a seamless wireless audio experience. With easy pairing, high-quality sound, and Siri integration, they are perfect for on-the-go listening.",4.15,15.54,"electronics,wireless earphones"
101,Apple AirPods Max Silver,Apple,mobile-accessories,549.99,['https://cdn.dummyjson.com/product-images/mobile-accessories/apple-airpods-max-silver/1.webp'],"The Apple AirPods Max in Silver are premium over-ear headphones with high-fidelity audio, adaptive EQ, and active noise cancellation. Experience immersive sound in style.",3.47,13.67,"electronics,over-ear headphones"
102,Apple Airpower Wireless Charger,Apple,mobile-accessories,79.99,['https://cdn.dummyjson.com/product-images/mobile-accessories/apple-airpower-wireless-charger/1.webp'],The Apple AirPower Wireless Charger provides a convenient way to charge your compatible Apple devices wirelessly. Simply place your devices on the charging mat for effortless charging.,3.68,4.48,"electronics,wireless chargers"
103,Apple HomePod Mini Cosmic Grey,Apple,mobile-accessories,99.99,['https://cdn.dummyjson.com/product-images/mobile-accessories/apple-homepod-mini-cosmic-grey/1.webp'],The Apple HomePod Mini in Cosmic Grey is a compact smart speaker that delivers impressive audio and integrates seamlessly with the Apple ecosystem for a smart home experience.,4.62,18.1,"electronics,smart speakers"
104,Apple iPhone Charger,Apple,mobile-accessories,19.99,"['https://cdn.dummyjson.com/product-images/mobile-accessories/apple-iphone-charger/1.webp', 'https://cdn.dummyjson.com/product-images/mobile-accessories/apple-iphone-charger/2.webp']",The Apple iPhone Charger is a high-quality charger designed for fast and efficient charging of your iPhone. Ensure your device stays powered up and ready to go.,4.15,18.52,"electronics,chargers"
105,Apple MagSafe Battery Pack,Apple,mobile-accessories,99.99,"['https://cdn.dummyjson.com/product-images/mobile-accessories/apple-magsafe-battery-pack/1.webp', 'https://cdn.dummyjson.com/product-images/mobile-accessories/apple-magsafe-battery-pack/2.webp']",The Apple MagSafe Battery Pack is a portable and convenient way to add extra battery life to your MagSafe-compatible iPhone. Attach it magnetically for a secure connection.,3.62,17.17,"electronics,power banks"
106,Apple Watch Series 4 Gold,Apple,mobile-accessories,349.99,"['https://cdn.dummyjson.com/product-images/mobile-accessories/apple-watch-series-4-gold/1.webp', 'https://cdn.dummyjson.com/product-images/mobile-accessories/apple-watch-series-4-gold/2.webp', 'https://cdn.dummyjson.com/product-images/mobile-accessories/apple-watch-series-4-gold/3.webp']","The Apple Watch Series 4 in Gold is a stylish and advanced smartwatch with features like heart rate monitoring, fitness tracking, and a beautiful Retina display.",2.74,12.02,"electronics,smartwatches"
107,Beats Flex Wireless Earphones,Beats,mobile-accessories,49.99,['https://cdn.dummyjson.com/product-images/mobile-accessories/beats-flex-wireless-earphones/1.webp'],"The Beats Flex Wireless Earphones offer a comfortable and versatile audio experience. With magnetic earbuds and up to 12 hours of battery life, they are ideal for everyday use.",4.24,5.73,"electronics,wireless earphones"
108,iPhone 12 Silicone Case with MagSafe Plum,Apple,mobile-accessories,29.99,"['https://cdn.dummyjson.com/product-images/mobile-accessories/iphone-12-silicone-case-with-magsafe-plum/1.webp', 'https://cdn.dummyjson.com/product-images/mobile-accessories/iphone-12-silicone-case-with-magsafe-plum/2.webp', 'https://cdn.dummyjson.com/product-images/mobile-accessories/iphone-12-silicone-case-with-magsafe-plum/3.webp', 'https://cdn.dummyjson.com/product-images/mobile-accessories/iphone-12-silicone-case-with-magsafe-plum/4.webp']",The iPhone 12 Silicone Case with MagSafe in Plum is a stylish and protective case designed for the iPhone 12. It features MagSafe technology for easy attachment of accessories.,3.62,13.85,"electronics,phone accessories"
109,Monopod,TechGear,mobile-accessories,19.99,"['https://cdn.dummyjson.com/product-images/mobile-accessories/monopod/1.webp', 'https://cdn.dummyjson.com/product-images/mobile-accessories/monopod/2.webp']","The Monopod is a versatile camera accessory for stable and adjustable shooting. Perfect for capturing selfies, group photos, and videos with ease.",4.43,8.58,"electronics,camera accessories"
110,Selfie Lamp with iPhone,GadgetMaster,mobile-accessories,14.99,['https://cdn.dummyjson.com/product-images/mobile-accessories/selfie-lamp-with-iphone/1.webp'],The Selfie Lamp with iPhone is a portable and adjustable LED light designed to enhance your selfies and video calls. Attach it to your iPhone for well-lit photos.,3.55,19.4,"electronics,selfie accessories"
111,Selfie Stick Monopod,SnapTech,mobile-accessories,12.99,['https://cdn.dummyjson.com/product-images/mobile-accessories/selfie-stick-monopod/1.webp'],The Selfie Stick Monopod is a extendable and foldable device for capturing the perfect selfie or group photo. Compatible with smartphones and cameras.,3.88,19.12,"electronics,selfie accessories"
112,TV Studio Camera Pedestal,ProVision,mobile-accessories,499.99,['https://cdn.dummyjson.com/product-images/mobile-accessories/tv-studio-camera-pedestal/1.webp'],The TV Studio Camera Pedestal is a professional-grade camera support system for smooth and precise camera movements in a studio setting. Ideal for broadcast and production.,2.78,8.31,"electronics,camera accessories"
113,Generic Motorcycle,Generic Motors,motorcycle,3999.99,"['https://cdn.dummyjson.com/product-images/motorcycle/generic-motorcycle/1.webp', 'https://cdn.dummyjson.com/product-images/motorcycle/generic-motorcycle/2.webp', 'https://cdn.dummyjson.com/product-images/motorcycle/generic-motorcycle/3.webp', 'https://cdn.dummyjson.com/product-images/motorcycle/generic-motorcycle/4.webp']","The Generic Motorcycle is a versatile and reliable bike suitable for various riding preferences. With a balanced design, it provides a comfortable and efficient riding experience.",4.91,12.1,motorcycles
114,Kawasaki Z800,Kawasaki,motorcycle,8999.99,"['https://cdn.dummyjson.com/product-images/motorcycle/kawasaki-z800/1.webp', 'https://cdn.dummyjson.com/product-images/motorcycle/kawasaki-z800/2.webp', 'https://cdn.dummyjson.com/product-images/motorcycle/kawasaki-z800/3.webp', 'https://cdn.dummyjson.com/product-images/motorcycle/kawasaki-z800/4.webp']","The Kawasaki Z800 is a powerful and agile sportbike known for its striking design and performance. It's equipped with advanced features, making it a favorite among motorcycle enthusiasts.",3.98,9.77,"motorcycles,sportbikes"
115,MotoGP CI.H1,MotoGP,motorcycle,14999.99,"['https://cdn.dummyjson.com/product-images/motorcycle/motogp-ci.h1/1.webp', 'https://cdn.dummyjson.com/product-images/motorcycle/motogp-ci.h1/2.webp', 'https://cdn.dummyjson.com/product-images/motorcycle/motogp-ci.h1/3.webp', 'https://cdn.dummyjson.com/product-images/motorcycle/motogp-ci.h1/4.webp']",The MotoGP CI.H1 is a high-performance motorcycle inspired by MotoGP racing technology. It offers cutting-edge features and precision engineering for an exhilarating riding experience.,2.97,6.92,"motorcycles,sportbikes"
116,Scooter Motorcycle,ScootMaster,motorcycle,2999.99,"['https://cdn.dummyjson.com/product-images/motorcycle/scooter-motorcycle/1.webp', 'https://cdn.dummyjson.com/product-images/motorcycle/scooter-motorcycle/2.webp', 'https://cdn.dummyjson.com/product-images/motorcycle/scooter-motorcycle/3.webp', 'https://cdn.dummyjson.com/product-images/motorcycle/scooter-motorcycle/4.webp']",The Scooter Motorcycle is a practical and fuel-efficient bike ideal for urban commuting. It features a step-through design and user-friendly controls for easy maneuverability.,2.53,6.27,"motorcycles,scooters"
117,Sportbike Motorcycle,SpeedMaster,motorcycle,7499.99,"['https://cdn.dummyjson.com/product-images/motorcycle/sportbike-motorcycle/1.webp', 'https://cdn.dummyjson.com/product-images/motorcycle/sportbike-motorcycle/2.webp', 'https://cdn.dummyjson.com/product-images/motorcycle/sportbike-motorcycle/3.webp', 'https://cdn.dummyjson.com/product-images/motorcycle/sportbike-motorcycle/4.webp']","The Sportbike Motorcycle is designed for speed and agility, with a sleek and aerodynamic profile. It's suitable for riders looking for a dynamic and thrilling riding experience.",3.94,11.58,"motorcycles,sportbikes"
118,Attitude Super Leaves Hand Soap,Attitude,skin-care,8.99,"['https://cdn.dummyjson.com/product-images/skin-care/attitude-super-leaves-hand-soap/1.webp', 'https://cdn.dummyjson.com/product-images/skin-care/attitude-super-leaves-hand-soap/2.webp', 'https://cdn.dummyjson.com/product-images/skin-care/attitude-super-leaves-hand-soap/3.webp']","Attitude Super Leaves Hand Soap is a natural and nourishing hand soap enriched with the goodness of super leaves. It cleanses and moisturizes your hands, leaving them feeling fresh and soft.",3.19,18.49,"personal care,hand soap"
119,Olay Ultra Moisture Shea Butter Body Wash,Olay,skin-care,12.99,"['https://cdn.dummyjson.com/product-images/skin-care/olay-ultra-moisture-shea-butter-body-wash/1.webp', 'https://cdn.dummyjson.com/product-images/skin-care/olay-ultra-moisture-shea-butter-body-wash/2.webp', 'https://cdn.dummyjson.com/product-images/skin-care/olay-ultra-moisture-shea-butter-body-wash/3.webp']",Olay Ultra Moisture Shea Butter Body Wash is a luxurious body wash that hydrates and nourishes your skin with the moisturizing power of shea butter. Enjoy a rich lather and silky-smooth skin.,4.51,16.39,"personal care,body wash"
120,Vaseline Men Body and Face Lotion,Vaseline,skin-care,9.99,"['https://cdn.dummyjson.com/product-images/skin-care/vaseline-men-body-and-face-lotion/1.webp', 'https://cdn.dummyjson.com/product-images/skin-care/vaseline-men-body-and-face-lotion/2.webp', 'https://cdn.dummyjson.com/product-images/skin-care/vaseline-men-body-and-face-lotion/3.webp']",Vaseline Men Body and Face Lotion is a specially formulated lotion designed to provide long-lasting moisture to men's skin. It absorbs quickly and helps keep the skin hydrated and healthy.,3.16,13.39,"personal care,body lotion"
121,iPhone 5s,Apple,smartphones,199.99,"['https://cdn.dummyjson.com/product-images/smartphones/iphone-5s/1.webp', 'https://cdn.dummyjson.com/product-images/smartphones/iphone-5s/2.webp', 'https://cdn.dummyjson.com/product-images/smartphones/iphone-5s/3.webp']","The iPhone 5s is a classic smartphone known for its compact design and advanced features during its release. While it's an older model, it still provides a reliable user experience.",2.83,12.91,"smartphones,apple"
122,iPhone 6,Apple,smartphones,299.99,"['https://cdn.dummyjson.com/product-images/smartphones/iphone-6/1.webp', 'https://cdn.dummyjson.com/product-images/smartphones/iphone-6/2.webp', 'https://cdn.dummyjson.com/product-images/smartphones/iphone-6/3.webp']","The iPhone 6 is a stylish and capable smartphone with a larger display and improved performance. It introduced new features and design elements, making it a popular choice in its time.",3.41,6.69,"smartphones,apple"
123,iPhone 13 Pro,Apple,smartphones,1099.99,"['https://cdn.dummyjson.com/product-images/smartphones/iphone-13-pro/1.webp', 'https://cdn.dummyjson.com/product-images/smartphones/iphone-13-pro/2.webp', 'https://cdn.dummyjson.com/product-images/smartphones/iphone-13-pro/3.webp']","The iPhone 13 Pro is a cutting-edge smartphone with a powerful camera system, high-performance chip, and stunning display. It offers advanced features for users who demand top-notch technology.",4.12,9.37,"smartphones,apple"
124,iPhone X,Apple,smartphones,899.99,"['https://cdn.dummyjson.com/product-images/smartphones/iphone-x/1.webp', 'https://cdn.dummyjson.com/product-images/smartphones/iphone-x/2.webp', 'https://cdn.dummyjson.com/product-images/smartphones/iphone-x/3.webp']","The iPhone X is a flagship smartphone featuring a bezel-less OLED display, facial recognition technology (Face ID), and impressive performance. It represents a milestone in iPhone design and innovation.",2.51,19.59,"smartphones,apple"
125,Oppo A57,Oppo,smartphones,249.99,"['https://cdn.dummyjson.com/product-images/smartphones/oppo-a57/1.webp', 'https://cdn.dummyjson.com/product-images/smartphones/oppo-a57/2.webp', 'https://cdn.dummyjson.com/product-images/smartphones/oppo-a57/3.webp']","The Oppo A57 is a mid-range smartphone known for its sleek design and capable features. It offers a balance of performance and affordability, making it a popular choice.",3.94,2.43,"smartphones,oppo"
126,Oppo F19 Pro Plus,Oppo,smartphones,399.99,"['https://cdn.dummyjson.com/product-images/smartphones/oppo-f19-pro-plus/1.webp', 'https://cdn.dummyjson.com/product-images/smartphones/oppo-f19-pro-plus/2.webp', 'https://cdn.dummyjson.com/product-images/smartphones/oppo-f19-pro-plus/3.webp']",The Oppo F19 Pro Plus is a feature-rich smartphone with a focus on camera capabilities. It boasts advanced photography features and a powerful performance for a premium user experience.,3.51,18.64,"smartphones,oppo"
127,Oppo K1,Oppo,smartphones,299.99,"['https://cdn.dummyjson.com/product-images/smartphones/oppo-k1/1.webp', 'https://cdn.dummyjson.com/product-images/smartphones/oppo-k1/2.webp', 'https://cdn.dummyjson.com/product-images/smartphones/oppo-k1/3.webp', 'https://cdn.dummyjson.com/product-images/smartphones/oppo-k1/4.webp']","The Oppo K1 series offers a range of smartphones with various features and specifications. Known for their stylish design and reliable performance, the Oppo K1 series caters to diverse user preferences.",4.25,18.29,"smartphones,oppo"
128,Realme C35,Realme,smartphones,149.99,"['https://cdn.dummyjson.com/product-images/smartphones/realme-c35/1.webp', 'https://cdn.dummyjson.com/product-images/smartphones/realme-c35/2.webp', 'https://cdn.dummyjson.com/product-images/smartphones/realme-c35/3.webp']",The Realme C35 is a budget-friendly smartphone with a focus on providing essential features for everyday use. It offers a reliable performance and user-friendly experience.,4.2,15.3,"smartphones,realme"
129,Realme X,Realme,smartphones,299.99,"['https://cdn.dummyjson.com/product-images/smartphones/realme-x/1.webp', 'https://cdn.dummyjson.com/product-images/smartphones/realme-x/2.webp', 'https://cdn.dummyjson.com/product-images/smartphones/realme-x/3.webp']",The Realme X is a mid-range smartphone known for its sleek design and impressive display. It offers a good balance of performance and camera capabilities for users seeking a quality device.,3.7,6.95,"smartphones,realme"
130,Realme XT,Realme,smartphones,349.99,"['https://cdn.dummyjson.com/product-images/smartphones/realme-xt/1.webp', 'https://cdn.dummyjson.com/product-images/smartphones/realme-xt/2.webp', 'https://cdn.dummyjson.com/product-images/smartphones/realme-xt/3.webp']","The Realme XT is a feature-rich smartphone with a focus on camera technology. It comes equipped with advanced camera sensors, delivering high-quality photos and videos for photography enthusiasts.",4.58,11.51,"smartphones,realme"
131,Samsung Galaxy S7,Samsung,smartphones,299.99,"['https://cdn.dummyjson.com/product-images/smartphones/samsung-galaxy-s7/1.webp', 'https://cdn.dummyjson.com/product-images/smartphones/samsung-galaxy-s7/2.webp', 'https://cdn.dummyjson.com/product-images/smartphones/samsung-galaxy-s7/3.webp']","The Samsung Galaxy S7 is a flagship smartphone known for its sleek design and advanced features. It features a high-resolution display, powerful camera, and robust performance.",3.3,19.55,"smartphones,samsung galaxy"
132,Samsung Galaxy S8,Samsung,smartphones,499.99,"['https://cdn.dummyjson.com/product-images/smartphones/samsung-galaxy-s8/1.webp', 'https://cdn.dummyjson.com/product-images/smartphones/samsung-galaxy-s8/2.webp', 'https://cdn.dummyjson.com/product-images/smartphones/samsung-galaxy-s8/3.webp']","The Samsung Galaxy S8 is a premium smartphone with an Infinity Display, offering a stunning visual experience. It boasts advanced camera capabilities and cutting-edge technology.",4.4,19.45,"smartphones,samsung galaxy"
133,Samsung Galaxy S10,Samsung,smartphones,699.99,"['https://cdn.dummyjson.com/product-images/smartphones/samsung-galaxy-s10/1.webp', 'https://cdn.dummyjson.com/product-images/smartphones/samsung-galaxy-s10/2.webp', 'https://cdn.dummyjson.com/product-images/smartphones/samsung-galaxy-s10/3.webp']","The Samsung Galaxy S10 is a flagship device featuring a dynamic AMOLED display, versatile camera system, and powerful performance. It represents innovation and excellence in smartphone technology.",3.06,5.59,"smartphones,samsung galaxy"
134,Vivo S1,Vivo,smartphones,249.99,"['https://cdn.dummyjson.com/product-images/smartphones/vivo-s1/1.webp', 'https://cdn.dummyjson.com/product-images/smartphones/vivo-s1/2.webp', 'https://cdn.dummyjson.com/product-images/smartphones/vivo-s1/3.webp']","The Vivo S1 is a stylish and mid-range smartphone offering a blend of design and performance. It features a vibrant display, capable camera system, and reliable functionality.",3.5,10.17,"smartphones,vivo"
135,Vivo V9,Vivo,smartphones,299.99,"['https://cdn.dummyjson.com/product-images/smartphones/vivo-v9/1.webp', 'https://cdn.dummyjson.com/product-images/smartphones/vivo-v9/2.webp', 'https://cdn.dummyjson.com/product-images/smartphones/vivo-v9/3.webp']","The Vivo V9 is a smartphone known for its sleek design and emphasis on capturing high-quality selfies. It features a notch display, dual-camera setup, and a modern design.",3.6,17.67,"smartphones,vivo"
136,Vivo X21,Vivo,smartphones,499.99,"['https://cdn.dummyjson.com/product-images/smartphones/vivo-x21/1.webp', 'https://cdn.dummyjson.com/product-images/smartphones/vivo-x21/2.webp', 'https://cdn.dummyjson.com/product-images/smartphones/vivo-x21/3.webp']","The Vivo X21 is a premium smartphone with a focus on cutting-edge technology. It features an in-display fingerprint sensor, a high-resolution display, and advanced camera capabilities.",4.26,17.41,"smartphones,vivo"
137,American Football,,sports-accessories,19.99,['https://cdn.dummyjson.com/product-images/sports-accessories/american-football/1.webp'],"The American Football is a classic ball used in American football games. It is designed for throwing and catching, making it an essential piece of equipment for the sport.",4.91,4.93,"sports equipment,american football"
138,Baseball Ball,,sports-accessories,8.99,['https://cdn.dummyjson.com/product-images/sports-accessories/baseball-ball/1.webp'],"The Baseball Ball is a standard baseball used in baseball games. It features a durable leather cover and is designed for pitching, hitting, and fielding in the game of baseball.",2.57,1.71,"sports equipment,baseball"
139,Baseball Glove,,sports-accessories,24.99,"['https://cdn.dummyjson.com/product-images/sports-accessories/baseball-glove/1.webp', 'https://cdn.dummyjson.com/product-images/sports-accessories/baseball-glove/2.webp', 'https://cdn.dummyjson.com/product-images/sports-accessories/baseball-glove/3.webp']","The Baseball Glove is a protective glove worn by baseball players. It is designed to catch and field the baseball, providing players with comfort and control during the game.",3.96,2.9,"sports equipment,baseball"
140,Basketball,,sports-accessories,14.99,['https://cdn.dummyjson.com/product-images/sports-accessories/basketball/1.webp'],"The Basketball is a standard ball used in basketball games. It is designed for dribbling, shooting, and passing in the game of basketball, suitable for both indoor and outdoor play.",4.66,7.44,"sports equipment,basketball"
141,Basketball Rim,,sports-accessories,39.99,['https://cdn.dummyjson.com/product-images/sports-accessories/basketball-rim/1.webp'],The Basketball Rim is a sturdy hoop and net assembly mounted on a basketball backboard. It provides a target for shooting and scoring in the game of basketball.,4.6,7.74,"sports equipment,basketball"
142,Cricket Ball,,sports-accessories,12.99,['https://cdn.dummyjson.com/product-images/sports-accessories/cricket-ball/1.webp'],"The Cricket Ball is a hard leather ball used in the sport of cricket. It is bowled and batted in the game, and its hardness and seam contribute to the dynamics of cricket play.",3.53,8.63,"sports equipment,cricket"
143,Cricket Bat,,sports-accessories,29.99,['https://cdn.dummyjson.com/product-images/sports-accessories/cricket-bat/1.webp'],The Cricket Bat is an essential piece of cricket equipment used by batsmen to hit the cricket ball. It is made of wood and comes in various sizes and designs.,3.17,3.29,"sports equipment,cricket"
144,Cricket Helmet,,sports-accessories,44.99,"['https://cdn.dummyjson.com/product-images/sports-accessories/cricket-helmet/1.webp', 'https://cdn.dummyjson.com/product-images/sports-accessories/cricket-helmet/2.webp', 'https://cdn.dummyjson.com/product-images/sports-accessories/cricket-helmet/3.webp', 'https://cdn.dummyjson.com/product-images/sports-accessories/cricket-helmet/4.webp']","The Cricket Helmet is a protective headgear worn by cricket players, especially batsmen and wicketkeepers. It provides protection against fast bowling and bouncers.",4.69,9.64,"sports equipment,cricket"
145,Cricket Wicket,,sports-accessories,29.99,['https://cdn.dummyjson.com/product-images/sports-accessories/cricket-wicket/1.webp'],"The Cricket Wicket is a set of three stumps and two bails, forming a wicket used in the sport of cricket. Batsmen aim to protect the wicket while scoring runs.",4.73,16.93,"sports equipment,cricket"
146,Feather Shuttlecock,,sports-accessories,5.99,['https://cdn.dummyjson.com/product-images/sports-accessories/feather-shuttlecock/1.webp'],"The Feather Shuttlecock is used in the sport of badminton. It features natural feathers and is designed for high-speed play, providing stability and accuracy during matches.",2.85,2.95,"sports equipment,badminton"
147,Football,,sports-accessories,17.99,['https://cdn.dummyjson.com/product-images/sports-accessories/football/1.webp'],"The Football, also known as a soccer ball, is the standard ball used in the sport of football (soccer). It is designed for kicking and passing in the game.",3.28,5.15,"sports equipment,football"
148,Golf Ball,,sports-accessories,9.99,['https://cdn.dummyjson.com/product-images/sports-accessories/golf-ball/1.webp'],"The Golf Ball is a small ball used in the sport of golf. It features dimples on its surface, providing aerodynamic lift and distance when struck by a golf club.",4.3,17.37,"sports equipment,golf"
149,Iron Golf,,sports-accessories,49.99,['https://cdn.dummyjson.com/product-images/sports-accessories/iron-golf/1.webp'],"The Iron Golf is a type of golf club designed for various golf shots. It features a solid metal head and is used for approach shots, chipping, and other golfing techniques.",4.41,6.53,"sports equipment,golf"
150,Metal Baseball Bat,,sports-accessories,29.99,['https://cdn.dummyjson.com/product-images/sports-accessories/metal-baseball-bat/1.webp'],The Metal Baseball Bat is a durable and lightweight baseball bat made from metal alloys. It is commonly used in baseball games for hitting and batting practice.,4.66,19.51,"sports equipment,baseball"
151,Tennis Ball,,sports-accessories,6.99,['https://cdn.dummyjson.com/product-images/sports-accessories/tennis-ball/1.webp'],The Tennis Ball is a standard ball used in the sport of tennis. It is designed for bouncing and hitting with tennis rackets during matches or practice sessions.,4.06,11.76,"sports equipment,tennis"
152,Tennis Racket,,sports-accessories,49.99,['https://cdn.dummyjson.com/product-images/sports-accessories/tennis-racket/1.webp'],"The Tennis Racket is an essential piece of equipment used in the sport of tennis. It features a frame with strings and a grip, allowing players to hit the tennis ball.",4.03,19.61,"sports equipment,tennis"
153,Volleyball,,sports-accessories,11.99,['https://cdn.dummyjson.com/product-images/sports-accessories/volleyball/1.webp'],"The Volleyball is a standard ball used in the sport of volleyball. It is designed for passing, setting, and spiking over the net during volleyball matches.",3.84,12.25,"sports equipment,volleyball"
154,Black Sun Glasses,Fashion Shades,sunglasses,29.99,"['https://cdn.dummyjson.com/product-images/sunglasses/black-sun-glasses/1.webp', 'https://cdn.dummyjson.com/product-images/sunglasses/black-sun-glasses/2.webp', 'https://cdn.dummyjson.com/product-images/sunglasses/black-sun-glasses/3.webp']","The Black Sun Glasses are a classic and stylish choice, featuring a sleek black frame and tinted lenses. They provide both UV protection and a fashionable look.",4.41,4.94,"eyewear,sunglasses"
155,Classic Sun Glasses,Fashion Shades,sunglasses,24.99,"['https://cdn.dummyjson.com/product-images/sunglasses/classic-sun-glasses/1.webp', 'https://cdn.dummyjson.com/product-images/sunglasses/classic-sun-glasses/2.webp', 'https://cdn.dummyjson.com/product-images/sunglasses/classic-sun-glasses/3.webp']",The Classic Sun Glasses offer a timeless design with a neutral frame and UV-protected lenses. These sunglasses are versatile and suitable for various occasions.,3.86,4.94,"eyewear,sunglasses"
156,Green and Black Glasses,Fashion Shades,sunglasses,34.99,"['https://cdn.dummyjson.com/product-images/sunglasses/green-and-black-glasses/1.webp', 'https://cdn.dummyjson.com/product-images/sunglasses/green-and-black-glasses/2.webp', 'https://cdn.dummyjson.com/product-images/sunglasses/green-and-black-glasses/3.webp']","The Green and Black Glasses feature a bold combination of green and black colors, adding a touch of vibrancy to your eyewear collection. They are both stylish and eye-catching.",4.55,1.01,"eyewear,sunglasses"
157,Party Glasses,Fashion Fun,sunglasses,19.99,"['https://cdn.dummyjson.com/product-images/sunglasses/party-glasses/1.webp', 'https://cdn.dummyjson.com/product-images/sunglasses/party-glasses/2.webp', 'https://cdn.dummyjson.com/product-images/sunglasses/party-glasses/3.webp']","The Party Glasses are designed to add flair to your party outfit. With unique shapes or colorful frames, they're perfect for adding a playful touch to your look during celebrations.",2.79,11.22,"eyewear,party glasses"
158,Sunglasses,Fashion Shades,sunglasses,22.99,"['https://cdn.dummyjson.com/product-images/sunglasses/sunglasses/1.webp', 'https://cdn.dummyjson.com/product-images/sunglasses/sunglasses/2.webp', 'https://cdn.dummyjson.com/product-images/sunglasses/sunglasses/3.webp']",The Sunglasses offer a classic and simple design with a focus on functionality. These sunglasses provide essential UV protection while maintaining a timeless look.,3.02,1.51,"eyewear,sunglasses"
159,iPad Mini 2021 Starlight,Apple,tablets,499.99,"['https://cdn.dummyjson.com/product-images/tablets/ipad-mini-2021-starlight/1.webp', 'https://cdn.dummyjson.com/product-images/tablets/ipad-mini-2021-starlight/2.webp', 'https://cdn.dummyjson.com/product-images/tablets/ipad-mini-2021-starlight/3.webp', 'https://cdn.dummyjson.com/product-images/tablets/ipad-mini-2021-starlight/4.webp']","The iPad Mini 2021 in Starlight is a compact and powerful tablet from Apple. Featuring a stunning Retina display, powerful A-series chip, and a sleek design, it offers a premium tablet experience.",3.18,3.64,"electronics,tablets"
160,Samsung Galaxy Tab S8 Plus Grey,Samsung,tablets,599.99,"['https://cdn.dummyjson.com/product-images/tablets/samsung-galaxy-tab-s8-plus-grey/1.webp', 'https://cdn.dummyjson.com/product-images/tablets/samsung-galaxy-tab-s8-plus-grey/2.webp', 'https://cdn.dummyjson.com/product-images/tablets/samsung-galaxy-tab-s8-plus-grey/3.webp', 'https://cdn.dummyjson.com/product-images/tablets/samsung-galaxy-tab-s8-plus-grey/4.webp']","The Samsung Galaxy Tab S8 Plus in Grey is a high-performance Android tablet by Samsung. With a large AMOLED display, powerful processor, and S Pen support, it's ideal for productivity and entertainment.",4.68,13.31,"electronics,tablets"
161,Samsung Galaxy Tab White,Samsung,tablets,349.99,"['https://cdn.dummyjson.com/product-images/tablets/samsung-galaxy-tab-white/1.webp', 'https://cdn.dummyjson.com/product-images/tablets/samsung-galaxy-tab-white/2.webp', 'https://cdn.dummyjson.com/product-images/tablets/samsung-galaxy-tab-white/3.webp', 'https://cdn.dummyjson.com/product-images/tablets/samsung-galaxy-tab-white/4.webp']","The Samsung Galaxy Tab in White is a sleek and versatile Android tablet. With a vibrant display, long-lasting battery, and a range of features, it offers a great user experience for various tasks.",3.72,18.2,"electronics,tablets"
162,Blue Frock,,tops,29.99,"['https://cdn.dummyjson.com/product-images/tops/blue-frock/1.webp', 'https://cdn.dummyjson.com/product-images/tops/blue-frock/2.webp', 'https://cdn.dummyjson.com/product-images/tops/blue-frock/3.webp', 'https://cdn.dummyjson.com/product-images/tops/blue-frock/4.webp']","The Blue Frock is a charming and stylish dress for various occasions. With a vibrant blue color and a comfortable design, it adds a touch of elegance to your wardrobe.",4.17,12.13,"clothing,dresses"
163,Girl Summer Dress,,tops,19.99,"['https://cdn.dummyjson.com/product-images/tops/girl-summer-dress/1.webp', 'https://cdn.dummyjson.com/product-images/tops/girl-summer-dress/2.webp', 'https://cdn.dummyjson.com/product-images/tops/girl-summer-dress/3.webp', 'https://cdn.dummyjson.com/product-images/tops/girl-summer-dress/4.webp']","The Girl Summer Dress is a cute and breezy dress designed for warm weather. With playful patterns and lightweight fabric, it's perfect for keeping cool and stylish during the summer.",4.77,19.2,"clothing,girls' dresses"
164,Gray Dress,,tops,34.99,"['https://cdn.dummyjson.com/product-images/tops/gray-dress/1.webp', 'https://cdn.dummyjson.com/product-images/tops/gray-dress/2.webp', 'https://cdn.dummyjson.com/product-images/tops/gray-dress/3.webp', 'https://cdn.dummyjson.com/product-images/tops/gray-dress/4.webp']","The Gray Dress is a versatile and chic option for various occasions. With a neutral gray color, it can be dressed up or down, making it a wardrobe staple for any fashion-forward individual.",2.72,14.28,"clothing,dresses"
165,Short Frock,,tops,24.99,"['https://cdn.dummyjson.com/product-images/tops/short-frock/1.webp', 'https://cdn.dummyjson.com/product-images/tops/short-frock/2.webp', 'https://cdn.dummyjson.com/product-images/tops/short-frock/3.webp', 'https://cdn.dummyjson.com/product-images/tops/short-frock/4.webp']","The Short Frock is a playful and trendy dress with a shorter length. Ideal for casual outings or special occasions, it combines style and comfort for a fashionable look.",3.23,13.45,"clothing,dresses"
166,Tartan Dress,,tops,39.99,"['https://cdn.dummyjson.com/product-images/tops/tartan-dress/1.webp', 'https://cdn.dummyjson.com/product-images/tops/tartan-dress/2.webp', 'https://cdn.dummyjson.com/product-images/tops/tartan-dress/3.webp', 'https://cdn.dummyjson.com/product-images/tops/tartan-dress/4.webp']","The Tartan Dress features a classic tartan pattern, bringing a timeless and sophisticated touch to your wardrobe. Perfect for fall and winter, it adds a hint of traditional charm.",4.05,12.95,"clothing,dresses"
167,300 Touring,Chrysler,vehicle,28999.99,"['https://cdn.dummyjson.com/product-images/vehicle/300-touring/1.webp', 'https://cdn.dummyjson.com/product-images/vehicle/300-touring/2.webp', 'https://cdn.dummyjson.com/product-images/vehicle/300-touring/3.webp', 'https://cdn.dummyjson.com/product-images/vehicle/300-touring/4.webp', 'https://cdn.dummyjson.com/product-images/vehicle/300-touring/5.webp', 'https://cdn.dummyjson.com/product-images/vehicle/300-touring/6.webp']","The 300 Touring is a stylish and comfortable sedan, known for its luxurious features and smooth performance.",4.05,3.98,"sedans,vehicles"
168,Charger SXT RWD,Dodge,vehicle,32999.99,"['https://cdn.dummyjson.com/product-images/vehicle/charger-sxt-rwd/1.webp', 'https://cdn.dummyjson.com/product-images/vehicle/charger-sxt-rwd/2.webp', 'https://cdn.dummyjson.com/product-images/vehicle/charger-sxt-rwd/3.webp', 'https://cdn.dummyjson.com/product-images/vehicle/charger-sxt-rwd/4.webp', 'https://cdn.dummyjson.com/product-images/vehicle/charger-sxt-rwd/5.webp', 'https://cdn.dummyjson.com/product-images/vehicle/charger-sxt-rwd/6.webp']","The Charger SXT RWD is a powerful and sporty rear-wheel-drive sedan, offering a blend of performance and practicality.",2.58,8.23,"sedans,sports cars,vehicles"
169,Dodge Hornet GT Plus,Dodge,vehicle,24999.99,"['https://cdn.dummyjson.com/product-images/vehicle/dodge-hornet-gt-plus/1.webp', 'https://cdn.dummyjson.com/product-images/vehicle/dodge-hornet-gt-plus/2.webp', 'https://cdn.dummyjson.com/product-images/vehicle/dodge-hornet-gt-plus/3.webp', 'https://cdn.dummyjson.com/product-images/vehicle/dodge-hornet-gt-plus/4.webp', 'https://cdn.dummyjson.com/product-images/vehicle/dodge-hornet-gt-plus/5.webp', 'https://cdn.dummyjson.com/product-images/vehicle/dodge-hornet-gt-plus/6.webp']","The Dodge Hornet GT Plus is a compact and agile hatchback, perfect for urban driving with a touch of sportiness.",2.65,2.63,"hatchbacks,compact cars,vehicles"
170,Durango SXT RWD,Dodge,vehicle,36999.99,"['https://cdn.dummyjson.com/product-images/vehicle/durango-sxt-rwd/1.webp', 'https://cdn.dummyjson.com/product-images/vehicle/durango-sxt-rwd/2.webp', 'https://cdn.dummyjson.com/product-images/vehicle/durango-sxt-rwd/3.webp', 'https://cdn.dummyjson.com/product-images/vehicle/durango-sxt-rwd/4.webp', 'https://cdn.dummyjson.com/product-images/vehicle/durango-sxt-rwd/5.webp', 'https://cdn.dummyjson.com/product-images/vehicle/durango-sxt-rwd/6.webp']","The Durango SXT RWD is a spacious and versatile SUV, known for its strong performance and family-friendly features.",4.07,16.44,"suvs,vehicles"
171,Pacifica Touring,Chrysler,vehicle,31999.99,"['https://cdn.dummyjson.com/product-images/vehicle/pacifica-touring/1.webp', 'https://cdn.dummyjson.com/product-images/vehicle/pacifica-touring/2.webp', 'https://cdn.dummyjson.com/product-images/vehicle/pacifica-touring/3.webp', 'https://cdn.dummyjson.com/product-images/vehicle/pacifica-touring/4.webp', 'https://cdn.dummyjson.com/product-images/vehicle/pacifica-touring/5.webp', 'https://cdn.dummyjson.com/product-images/vehicle/pacifica-touring/6.webp']","The Pacifica Touring is a stylish and well-equipped minivan, offering comfort and convenience for family journeys.",3.62,14.76,"minivans,vehicles"
172,Blue Women's Handbag,Fashionista,womens-bags,49.99,"[""https://cdn.dummyjson.com/product-images/womens-bags/blue-women's-handbag/1.webp"", ""https://cdn.dummyjson.com/product-images/womens-bags/blue-women's-handbag/2.webp"", ""https://cdn.dummyjson.com/product-images/womens-bags/blue-women's-handbag/3.webp""]","The Blue Women's Handbag is a stylish and spacious accessory for everyday use. With a vibrant blue color and multiple compartments, it combines fashion and functionality.",2.92,17.88,"fashion accessories,handbags"
173,Heshe Women's Leather Bag,Heshe,womens-bags,129.99,"[""https://cdn.dummyjson.com/product-images/womens-bags/heshe-women's-leather-bag/1.webp"", ""https://cdn.dummyjson.com/product-images/womens-bags/heshe-women's-leather-bag/2.webp"", ""https://cdn.dummyjson.com/product-images/womens-bags/heshe-women's-leather-bag/3.webp""]","The Heshe Women's Leather Bag is a luxurious and high-quality leather bag for the sophisticated woman. With a timeless design and durable craftsmanship, it's a versatile accessory.",4.92,3.87,"fashion accessories,leather bags"
174,Prada Women Bag,Prada,womens-bags,599.99,"['https://cdn.dummyjson.com/product-images/womens-bags/prada-women-bag/1.webp', 'https://cdn.dummyjson.com/product-images/womens-bags/prada-women-bag/2.webp', 'https://cdn.dummyjson.com/product-images/womens-bags/prada-women-bag/3.webp']","The Prada Women Bag is an iconic designer bag that exudes elegance and luxury. Crafted with precision and featuring the Prada logo, it's a statement piece for fashion enthusiasts.",2.71,14.09,"fashion accessories,designer bags"
175,White Faux Leather Backpack,Urban Chic,womens-bags,39.99,"['https://cdn.dummyjson.com/product-images/womens-bags/white-faux-leather-backpack/1.webp', 'https://cdn.dummyjson.com/product-images/womens-bags/white-faux-leather-backpack/2.webp', 'https://cdn.dummyjson.com/product-images/womens-bags/white-faux-leather-backpack/3.webp']","The White Faux Leather Backpack is a trendy and practical backpack for the modern woman. With a sleek white design and ample storage space, it's perfect for both casual and on-the-go styles.",3.36,15.2,"fashion accessories,backpacks"
176,Women Handbag Black,Elegance Collection,womens-bags,59.99,"['https://cdn.dummyjson.com/product-images/womens-bags/women-handbag-black/1.webp', 'https://cdn.dummyjson.com/product-images/womens-bags/women-handbag-black/2.webp', 'https://cdn.dummyjson.com/product-images/womens-bags/women-handbag-black/3.webp']","The Women Handbag in Black is a classic and versatile accessory that complements various outfits. With a timeless black color and functional design, it's a must-have in every woman's wardrobe.",2.89,11.63,"fashion accessories,handbags"
177,Black Women's Gown,,womens-dresses,129.99,"[""https://cdn.dummyjson.com/product-images/womens-dresses/black-women's-gown/1.webp"", ""https://cdn.dummyjson.com/product-images/womens-dresses/black-women's-gown/2.webp"", ""https://cdn.dummyjson.com/product-images/womens-dresses/black-women's-gown/3.webp"", ""https://cdn.dummyjson.com/product-images/womens-dresses/black-women's-gown/4.webp""]","The Black Women's Gown is an elegant and timeless evening gown. With a sleek black design, it's perfect for formal events and special occasions, exuding sophistication and style.",3.64,10.48,"clothing,gowns"
178,Corset Leather With Skirt,,womens-dresses,89.99,"['https://cdn.dummyjson.com/product-images/womens-dresses/corset-leather-with-skirt/1.webp', 'https://cdn.dummyjson.com/product-images/womens-dresses/corset-leather-with-skirt/2.webp', 'https://cdn.dummyjson.com/product-images/womens-dresses/corset-leather-with-skirt/3.webp', 'https://cdn.dummyjson.com/product-images/womens-dresses/corset-leather-with-skirt/4.webp']","The Corset Leather With Skirt is a bold and edgy ensemble that combines a stylish corset with a matching skirt. Ideal for fashion-forward individuals, it makes a statement at any event.",3.05,16.26,"clothing,corsets,skirts"
179,Corset With Black Skirt,,womens-dresses,79.99,"['https://cdn.dummyjson.com/product-images/womens-dresses/corset-with-black-skirt/1.webp', 'https://cdn.dummyjson.com/product-images/womens-dresses/corset-with-black-skirt/2.webp', 'https://cdn.dummyjson.com/product-images/womens-dresses/corset-with-black-skirt/3.webp', 'https://cdn.dummyjson.com/product-images/womens-dresses/corset-with-black-skirt/4.webp']",The Corset With Black Skirt is a chic and versatile outfit that pairs a fashionable corset with a classic black skirt. It offers a trendy and coordinated look for various occasions.,4.52,15.06,"clothing,corsets,skirts"
180,Dress Pea,,womens-dresses,49.99,"['https://cdn.dummyjson.com/product-images/womens-dresses/dress-pea/1.webp', 'https://cdn.dummyjson.com/product-images/womens-dresses/dress-pea/2.webp', 'https://cdn.dummyjson.com/product-images/womens-dresses/dress-pea/3.webp', 'https://cdn.dummyjson.com/product-images/womens-dresses/dress-pea/4.webp']","The Dress Pea is a stylish and comfortable dress with a pea pattern. Perfect for casual outings, it adds a playful and fun element to your wardrobe, making it a great choice for day-to-day wear.",4.88,17.68,"clothing,dresses"
181,Marni Red & Black Suit,,womens-dresses,179.99,"['https://cdn.dummyjson.com/product-images/womens-dresses/marni-red-&-black-suit/1.webp', 'https://cdn.dummyjson.com/product-images/womens-dresses/marni-red-&-black-suit/2.webp', 'https://cdn.dummyjson.com/product-images/womens-dresses/marni-red-&-black-suit/3.webp', 'https://cdn.dummyjson.com/product-images/womens-dresses/marni-red-&-black-suit/4.webp']","The Marni Red & Black Suit is a sophisticated and fashion-forward suit ensemble. With a combination of red and black tones, it showcases a modern design for a bold and confident look.",4.48,19.02,"clothing,suits"
182,Green Crystal Earring,,womens-jewellery,29.99,"['https://cdn.dummyjson.com/product-images/womens-jewellery/green-crystal-earring/1.webp', 'https://cdn.dummyjson.com/product-images/womens-jewellery/green-crystal-earring/2.webp', 'https://cdn.dummyjson.com/product-images/womens-jewellery/green-crystal-earring/3.webp']","The Green Crystal Earring is a dazzling accessory that features a vibrant green crystal. With a classic design, it adds a touch of elegance to your ensemble, perfect for formal or special occasions.",3.96,15.24,"fashion accessories,earrings"
183,Green Oval Earring,,womens-jewellery,24.99,"['https://cdn.dummyjson.com/product-images/womens-jewellery/green-oval-earring/1.webp', 'https://cdn.dummyjson.com/product-images/womens-jewellery/green-oval-earring/2.webp', 'https://cdn.dummyjson.com/product-images/womens-jewellery/green-oval-earring/3.webp']","The Green Oval Earring is a stylish and versatile accessory with a unique oval shape. Whether for casual or dressy occasions, its green hue and contemporary design make it a standout piece.",3.57,15.18,"fashion accessories,earrings"
184,Tropical Earring,,womens-jewellery,19.99,"['https://cdn.dummyjson.com/product-images/womens-jewellery/tropical-earring/1.webp', 'https://cdn.dummyjson.com/product-images/womens-jewellery/tropical-earring/2.webp', 'https://cdn.dummyjson.com/product-images/womens-jewellery/tropical-earring/3.webp']","The Tropical Earring is a fun and playful accessory inspired by tropical elements. Featuring vibrant colors and a lively design, it's perfect for adding a touch of summer to your look.",4.4,0.76,"fashion accessories,earrings"
185,Black & Brown Slipper,Comfort Trends,womens-shoes,19.99,"['https://cdn.dummyjson.com/product-images/womens-shoes/black-&-brown-slipper/1.webp', 'https://cdn.dummyjson.com/product-images/womens-shoes/black-&-brown-slipper/2.webp', 'https://cdn.dummyjson.com/product-images/womens-shoes/black-&-brown-slipper/3.webp', 'https://cdn.dummyjson.com/product-images/womens-shoes/black-&-brown-slipper/4.webp']","The Black & Brown Slipper is a comfortable and stylish choice for casual wear. Featuring a blend of black and brown colors, it adds a touch of sophistication to your relaxation.",2.53,3.33,"footwear,slippers"
186,Calvin Klein Heel Shoes,Calvin Klein,womens-shoes,79.99,"['https://cdn.dummyjson.com/product-images/womens-shoes/calvin-klein-heel-shoes/1.webp', 'https://cdn.dummyjson.com/product-images/womens-shoes/calvin-klein-heel-shoes/2.webp', 'https://cdn.dummyjson.com/product-images/womens-shoes/calvin-klein-heel-shoes/3.webp', 'https://cdn.dummyjson.com/product-images/womens-shoes/calvin-klein-heel-shoes/4.webp']","Calvin Klein Heel Shoes are elegant and sophisticated, designed for formal occasions. With a classic design and high-quality materials, they complement your stylish ensemble.",4.92,3.19,"footwear,heel shoes"
187,Golden Shoes Woman,Fashion Diva,womens-shoes,49.99,"['https://cdn.dummyjson.com/product-images/womens-shoes/golden-shoes-woman/1.webp', 'https://cdn.dummyjson.com/product-images/womens-shoes/golden-shoes-woman/2.webp', 'https://cdn.dummyjson.com/product-images/womens-shoes/golden-shoes-woman/3.webp', 'https://cdn.dummyjson.com/product-images/womens-shoes/golden-shoes-woman/4.webp']","The Golden Shoes for Women are a glamorous choice for special occasions. Featuring a golden hue and stylish design, they add a touch of luxury to your outfit.",3.26,13.93,"footwear,women's shoes"
188,Pampi Shoes,Pampi,womens-shoes,29.99,"['https://cdn.dummyjson.com/product-images/womens-shoes/pampi-shoes/1.webp', 'https://cdn.dummyjson.com/product-images/womens-shoes/pampi-shoes/2.webp', 'https://cdn.dummyjson.com/product-images/womens-shoes/pampi-shoes/3.webp', 'https://cdn.dummyjson.com/product-images/womens-shoes/pampi-shoes/4.webp']","Pampi Shoes offer a blend of comfort and style for everyday use. With a versatile design, they are suitable for various casual occasions, providing a trendy and relaxed look.",3.05,14.14,"footwear,casual shoes"
189,Red Shoes,Fashion Express,womens-shoes,34.99,"['https://cdn.dummyjson.com/product-images/womens-shoes/red-shoes/1.webp', 'https://cdn.dummyjson.com/product-images/womens-shoes/red-shoes/2.webp', 'https://cdn.dummyjson.com/product-images/womens-shoes/red-shoes/3.webp', 'https://cdn.dummyjson.com/product-images/womens-shoes/red-shoes/4.webp']","The Red Shoes make a bold statement with their vibrant red color. Whether for a party or a casual outing, these shoes add a pop of color and style to your wardrobe.",3.25,17.69,"footwear,women's shoes"
190,IWC Ingenieur Automatic Steel,IWC,womens-watches,4999.99,"['https://cdn.dummyjson.com/product-images/womens-watches/iwc-ingenieur-automatic-steel/1.webp', 'https://cdn.dummyjson.com/product-images/womens-watches/iwc-ingenieur-automatic-steel/2.webp', 'https://cdn.dummyjson.com/product-images/womens-watches/iwc-ingenieur-automatic-steel/3.webp']","The IWC Ingenieur Automatic Steel watch is a durable and sophisticated timepiece. With a stainless steel case and automatic movement, it combines precision and style for watch enthusiasts.",2.93,9.45,"watches,luxury watches"
191,Rolex Cellini Moonphase,Rolex,womens-watches,15999.99,"['https://cdn.dummyjson.com/product-images/womens-watches/rolex-cellini-moonphase/1.webp', 'https://cdn.dummyjson.com/product-images/womens-watches/rolex-cellini-moonphase/2.webp', 'https://cdn.dummyjson.com/product-images/womens-watches/rolex-cellini-moonphase/3.webp']","The Rolex Cellini Moonphase watch is a masterpiece of horology. Featuring a moon phase complication, it showcases the craftsmanship and elegance that Rolex is renowned for.",3.83,4.11,"watches,luxury watches"
192,Rolex Datejust Women,Rolex,womens-watches,10999.99,"['https://cdn.dummyjson.com/product-images/womens-watches/rolex-datejust-women/1.webp', 'https://cdn.dummyjson.com/product-images/womens-watches/rolex-datejust-women/2.webp', 'https://cdn.dummyjson.com/product-images/womens-watches/rolex-datejust-women/3.webp']","The Rolex Datejust Women's watch is an iconic timepiece designed for women. With a timeless design and a date complication, it offers both elegance and functionality.",2.86,15.94,"watches,luxury watches,women's watches"
193,Watch Gold for Women,Fashion Gold,womens-watches,799.99,"['https://cdn.dummyjson.com/product-images/womens-watches/watch-gold-for-women/1.webp', 'https://cdn.dummyjson.com/product-images/womens-watches/watch-gold-for-women/2.webp', 'https://cdn.dummyjson.com/product-images/womens-watches/watch-gold-for-women/3.webp']","The Gold Women's Watch is a stunning accessory that combines luxury and style. Featuring a gold-plated case and a chic design, it adds a touch of glamour to any outfit.",4.24,18.34,"watches,women's watches"
194,Women's Wrist Watch,Fashion Co.,womens-watches,129.99,"[""https://cdn.dummyjson.com/product-images/womens-watches/women's-wrist-watch/1.webp"", ""https://cdn.dummyjson.com/product-images/womens-watches/women's-wrist-watch/2.webp"", ""https://cdn.dummyjson.com/product-images/womens-watches/women's-wrist-watch/3.webp""]","The Women's Wrist Watch is a versatile and fashionable timepiece for everyday wear. With a comfortable strap and a simple yet elegant design, it complements various styles.",3.52,12.6,"watches,women's watches"
